sequence_name,is_uk,is_cog_uk,central_sample_id,secondary_identifier,sample_date,epi_week,country,adm1,is_surveillance,is_travel_history,travel_history,lineage,uk_lineage,del_lineage,phylotype
England/NORW-EFA27/2020,Y,Y,NORW-EFA27,,2020-04-01,14,UK,UK-ENG,N,,,B.1.1,UK2330,,
England/NORW-EE6D9/2020,Y,Y,NORW-EE6D9,,2020-04-08,15,UK,UK-ENG,N,,,B.1.1,UK1427,,
England/NORW-EFADC/2020,Y,Y,NORW-EFADC,,2020-04-01,14,UK,UK-ENG,N,,,B.1.225,UK4371,,
England/NORW-EE651/2020,Y,Y,NORW-EE651,,2020-04-01,14,UK,UK-ENG,N,,,B.1.1,UK1893,,
England/NORW-EFB06/2020,Y,Y,NORW-EFB06,,2020-04-01,14,UK,UK-ENG,N,,,B,UK263,,
England/NORW-EFB60/2020,Y,Y,NORW-EFB60,,2020-04-07,15,UK,UK-ENG,N,,,B.1.1,UK9544,,
England/NORW-EFA63/2020,Y,Y,NORW-EFA63,,2020-04-02,14,UK,UK-ENG,N,,,B.23,UK4,,
England/NORW-EFA45/2020,Y,Y,NORW-EFA45,,2020-04-01,14,UK,UK-ENG,N,,,B,UK11929,del_trans_456,
England/NORW-EFB15/2020,Y,Y,NORW-EFB15,,2020-04-01,14,UK,UK-ENG,N,,,B,UK55,,
England/NORW-EFD3D/2020,Y,Y,NORW-EFD3D,,2020-04-01,14,UK,UK-ENG,N,,,B.1.1,UK5356,del_trans_537267,UK5356_1
England/NORW-EFB33/2020,Y,Y,NORW-EFB33,,2020-04-01,14,UK,UK-ENG,N,,,B.3,UK456,,
England/NORW-EF09E/2020,Y,Y,NORW-EF09E,,2020-05-13,20,UK,UK-ENG,N,,,B.1,UK9125,,
England/NORW-EEFFC/2020,Y,Y,NORW-EEFFC,,2020-05-15,20,UK,UK-ENG,N,,,B.1.1,UK1142,,
England/NORW-EF08F/2020,Y,Y,NORW-EF08F,,2020-05-14,20,UK,UK-ENG,N,,,B.1.1.1,UK3087,,
England/NORW-EEFB0/2020,Y,Y,NORW-EEFB0,,2020-05-16,20,UK,UK-ENG,N,,,B.1.1,UK9663,,
England/NORW-EF131/2020,Y,Y,NORW-EF131,,2020-05-13,20,UK,UK-ENG,N,,,B.1.1.3,UK9080,,
England/NORW-EEF56/2020,Y,Y,NORW-EEF56,,2020-05-08,19,UK,UK-ENG,N,,,B.1.1,UK9217,,
England/NORW-EF034/2020,Y,Y,NORW-EF034,,2020-05-13,20,UK,UK-ENG,N,,,B.1,UK199,,
England/NORW-EF007/2020,Y,Y,NORW-EF007,,2020-05-13,20,UK,UK-ENG,N,,,B.1.1.3,UK9080,del_trans_1345,UK9080_1.2
England/NORW-EE4DF/2020,Y,Y,NORW-EE4DF,,2020-06-25,26,UK,UK-ENG,Y,,,B.1.1.147,UK9125,,
England/NORW-EE2E4/2020,Y,Y,NORW-EE2E4,,2020-04-24,17,UK,UK-ENG,N,,,B.1.225,UK4371,,
England/NORW-EE69D/2020,Y,Y,NORW-EE69D,,2020-04-24,17,UK,UK-ENG,N,,,B.1.1,UK1427,del_trans_537271,
England/NORW-EE439/2020,Y,Y,NORW-EE439,,2020-04-24,17,UK,UK-ENG,N,,,B.1.1,UK1173,,
England/NORW-ED7C8/2020,Y,Y,NORW-ED7C8,,2020-04-24,17,UK,UK-ENG,N,,,B,UK255,,
England/NORW-EE220/2020,Y,Y,NORW-EE220,,2020-04-24,17,UK,UK-ENG,N,,,B.1.1,UK2330,,
England/NORW-EE30F/2020,Y,Y,NORW-EE30F,,2020-04-24,17,UK,UK-ENG,N,,,B.1.1,UK9544,del_trans_538256,UK9544_1.1
England/NORW-EE299/2020,Y,Y,NORW-EE299,,2020-04-24,17,UK,UK-ENG,N,,,B.1.1,UK2706,,
England/NORW-EE369/2020,Y,Y,NORW-EE369,,2020-04-24,17,UK,UK-ENG,N,,,B.1.225,UK4371,del_trans_730860,UK4371_1.2
England/NORW-EE4FD/2020,Y,Y,NORW-EE4FD,,2020-04-24,17,UK,UK-ENG,N,,,B.1.1,UK1276,del_trans_538033,UK1276_1
England/NORW-EE28A/2020,Y,Y,NORW-EE28A,,2020-04-24,17,UK,UK-ENG,N,,,B.1.1,UK1173,,
England/NORW-EE23F/2020,Y,Y,NORW-EE23F,,2020-04-24,17,UK,UK-ENG,N,,,B.1.1,UK1173,,
England/NORW-ECDB8/2020,Y,Y,NORW-ECDB8,,2020-06-18,25,UK,UK-ENG,Y,,,B.3,UK456,,
England/NORW-EE2D5/2020,Y,Y,NORW-EE2D5,,2020-03-24,13,UK,UK-ENG,N,,,B.1.93,UK533,,
England/NORW-EE9B2/2020,Y,Y,NORW-EE9B2,,2020-05-12,20,UK,UK-ENG,N,,,B.1,UK4371,,
England/NORW-ECD9A/2020,Y,Y,NORW-ECD9A,,2020-06-18,25,UK,UK-ENG,Y,,,B.1,UK199,,
England/NORW-EE8D3/2020,Y,Y,NORW-EE8D3,,2020-06-04,23,UK,UK-ENG,Y,,,B.1.1,UK1893,,
England/NORW-EDA56/2020,Y,Y,NORW-EDA56,,2020-03-22,13,UK,UK-ENG,N,,,B.3,UK462,del_trans_47,UK462_1.3.2
England/NORW-ECAB1/2020,Y,Y,NORW-ECAB1,,2020-06-17,25,UK,UK-ENG,Y,,,B.1,UK199,,
England/NORW-EE35A/2020,Y,Y,NORW-EE35A,,2020-03-24,13,UK,UK-ENG,N,,,B.23,UK4,del_trans_3,UK4_1.3
England/NORW-ED995/2020,Y,Y,NORW-ED995,,2020-03-23,13,UK,UK-ENG,N,,,B.1.1,UK8626,del_trans_1088,
England/NORW-ED7F5/2020,Y,Y,NORW-ED7F5,,2020-03-23,13,UK,UK-ENG,N,,,B.28,UK253,,
England/NORW-EE34B/2020,Y,Y,NORW-EE34B,,2020-03-24,13,UK,UK-ENG,N,,,B.1.1,UK1465,,
England/NORW-ED9C2/2020,Y,Y,NORW-ED9C2,,2020-03-23,13,UK,UK-ENG,N,,,B,UK255,,
England/NORW-EDA29/2020,Y,Y,NORW-EDA29,,2020-03-20,12,UK,UK-ENG,N,,,B.40,UK11963,,
England/NORW-ED977/2020,Y,Y,NORW-ED977,,2020-03-20,12,UK,UK-ENG,N,,,B,UK55,,
England/NORW-EE536/2020,Y,Y,NORW-EE536,,2020-03-24,13,UK,UK-ENG,N,,,B.1.1,UK4091,del_trans_1163,UK4091_1
England/NORW-ECF1C/2020,Y,Y,NORW-ECF1C,,2020-06-18,25,UK,UK-ENG,Y,,,B.1,UK2708,,
England/NORW-ED82F/2020,Y,Y,NORW-ED82F,,2020-03-23,13,UK,UK-ENG,N,,,B.39,UK293,,
England/NORW-ED87A/2020,Y,Y,NORW-ED87A,,2020-03-21,12,UK,UK-ENG,N,,,B,UK255,,
England/NORW-EE493/2020,Y,Y,NORW-EE493,,2020-03-24,13,UK,UK-ENG,N,,,B.40,UK11963,,
England/NORW-EDA47/2020,Y,Y,NORW-EDA47,,2020-03-23,13,UK,UK-ENG,N,,,B.1,UK199,,
England/NORW-EE3E1/2020,Y,Y,NORW-EE3E1,,2020-03-23,13,UK,UK-ENG,N,,,B.1.391,UK2464,,
England/NORW-ECC33/2020,Y,Y,NORW-ECC33,,2020-06-18,25,UK,UK-ENG,Y,,,B.1,UK199,,
England/NORW-EE8F1/2020,Y,Y,NORW-EE8F1,,2020-06-04,23,UK,UK-ENG,Y,,,B.1.1,UK1893,,
England/NORW-ED83E/2020,Y,Y,NORW-ED83E,,2020-03-24,13,UK,UK-ENG,N,,,B,UK118,del_trans_197,UK118_1
England/NORW-EE9C1/2020,Y,Y,NORW-EE9C1,,2020-05-12,20,UK,UK-ENG,N,,,B.1.1,UK621,del_trans_538037,
England/NORW-ED84D/2020,Y,Y,NORW-ED84D,,2020-03-23,13,UK,UK-ENG,N,,,B.1,UK2862,del_trans_733527,
England/NORW-EDA38/2020,Y,Y,NORW-EDA38,,2020-03-23,13,UK,UK-ENG,N,,,B,UK11929,,
England/NORW-ECC15/2020,Y,Y,NORW-ECC15,,2020-06-17,25,UK,UK-ENG,Y,,,B.1,UK199,,
England/NORW-ED801/2020,Y,Y,NORW-ED801,,2020-03-22,13,UK,UK-ENG,N,,,B.23,UK4,,
England/NORW-ED86B/2020,Y,Y,NORW-ED86B,,2020-03-23,13,UK,UK-ENG,N,,,B.1,UK10554,,
England/NORW-ED91D/2020,Y,Y,NORW-ED91D,,2020-03-23,13,UK,UK-ENG,N,,,B,UK11929,,
England/NORW-ED1AC/2020,Y,Y,NORW-ED1AC,,2020-06-18,25,UK,UK-ENG,N,,,B.1.1.147,UK9125,,
England/NORW-ECA48/2020,Y,Y,NORW-ECA48,,2020-05-27,22,UK,UK-ENG,Y,,,B.1.1,UK5239,,
England/NORW-ECBAF/2020,Y,Y,NORW-ECBAF,,2020-05-29,22,UK,UK-ENG,Y,,,B.1.225,UK4371,,
England/NORW-ECA66/2020,Y,Y,NORW-ECA66,,2020-06-04,23,UK,UK-ENG,Y,,,B.1,UK2989,,
England/NORW-ECB27/2020,Y,Y,NORW-ECB27,,2020-06-04,23,UK,UK-ENG,Y,,,B.1,UK2989,,
England/NORW-ED69E/2020,Y,Y,NORW-ED69E,,2020-06-05,23,UK,UK-ENG,Y,,,B.1.1.1,UK8681,,
England/NORW-ED704/2020,Y,Y,NORW-ED704,,2020-06-05,23,UK,UK-ENG,Y,,,B.1.1.1,UK8681,,
England/NORW-ED476/2020,Y,Y,NORW-ED476,,2020-05-28,22,UK,UK-ENG,Y,,,B.1,UK2989,,
England/NORW-EB85E/2020,Y,Y,NORW-EB85E,,2020-05-05,19,UK,UK-ENG,Y,,,B.1,UK199,,
England/NORW-ED29A/2020,Y,Y,NORW-ED29A,,2020-06-03,23,UK,UK-ENG,Y,,,B.1.1.3,UK9080,,
England/NORW-EB7AC/2020,Y,Y,NORW-EB7AC,,2020-05-05,19,UK,UK-ENG,Y,,,B.1.1,UK8889,,
England/NORW-ED31F/2020,Y,Y,NORW-ED31F,,2020-06-02,23,UK,UK-ENG,N,,,B.1,UK4371,,
England/NORW-EB742/2020,Y,Y,NORW-EB742,,2020-05-04,19,UK,UK-ENG,Y,,,B.1.1.41,UK1893,,
England/NORW-EBF86/2020,Y,Y,NORW-EBF86,,2020-05-21,21,UK,UK-ENG,Y,,,B.1.1,UK1368,del_trans_1959,UK1368_1
England/NORW-EA51C/2020,Y,Y,NORW-EA51C,,2020-05-23,21,UK,UK-ENG,Y,,,B.1,UK2913,,
England/NORW-EB760/2020,Y,Y,NORW-EB760,,2020-05-04,19,UK,UK-ENG,Y,,,B.1.1,UK9660,del_trans_538472,
England/NORW-ECD12/2020,Y,Y,NORW-ECD12,,2020-05-28,22,UK,UK-ENG,Y,,,B.1.1,UK1893,,
England/NORW-EB706/2020,Y,Y,NORW-EB706,,2020-05-05,19,UK,UK-ENG,Y,,,B.1.1.1,UK3087,,
England/NORW-EB7D9/2020,Y,Y,NORW-EB7D9,,2020-05-05,19,UK,UK-ENG,Y,,,B.1.1.1,UK3087,,
England/NORW-EB6CD/2020,Y,Y,NORW-EB6CD,,2020-05-04,19,UK,UK-ENG,Y,,,B.1.1,UK2334,,
England/NORW-EB77F/2020,Y,Y,NORW-EB77F,,2020-05-05,19,UK,UK-ENG,Y,,,B.1.1,UK1709,,
England/NORW-ECB90/2020,Y,Y,NORW-ECB90,,2020-05-28,22,UK,UK-ENG,Y,,,B.1,UK2913,,
England/NORW-ED4EF/2020,Y,Y,NORW-ED4EF,,2020-05-21,21,UK,UK-ENG,Y,,,B.1.1,UK1665,,
England/NORW-EB86D/2020,Y,Y,NORW-EB86D,,2020-05-05,19,UK,UK-ENG,Y,,,B,UK173,,
England/NORW-EB0ED/2020,Y,Y,NORW-EB0ED,,2020-05-04,19,UK,UK-ENG,Y,,,B.1.1.3,UK9080,del_trans_1345,UK9080_1
England/NORW-ED26D/2020,Y,Y,NORW-ED26D,,2020-05-25,22,UK,UK-ENG,Y,,,B.1.1,UK1173,,
England/NORW-ED32E/2020,Y,Y,NORW-ED32E,,2020-05-28,22,UK,UK-ENG,Y,,,B.1.1,,,
England/NORW-EB0CF/2020,Y,Y,NORW-EB0CF,,2020-05-04,19,UK,UK-ENG,Y,,,B.40,UK282,del_trans_282,UK282_1.26.1.1
England/NORW-EB074/2020,Y,Y,NORW-EB074,,2020-05-04,19,UK,UK-ENG,Y,,,B.1.201,UK3230,del_trans_731034,UK3230_1
England/NORW-ED5FB/2020,Y,Y,NORW-ED5FB,,2020-05-26,22,UK,UK-ENG,Y,,,B.27,UK4,del_trans_3,UK4_1.9.1
England/NORW-EB803/2020,Y,Y,NORW-EB803,,2020-05-05,19,UK,UK-ENG,Y,,,B.1.1,UK1709,,
England/NORW-EC046/2020,Y,Y,NORW-EC046,,2020-05-21,21,UK,UK-ENG,Y,,,B.1,UK2989,,
England/NORW-ED77D/2020,Y,Y,NORW-ED77D,,2020-05-21,21,UK,UK-ENG,N,,,B.1,UK4371,,
England/NORW-EB0B0/2020,Y,Y,NORW-EB0B0,,2020-05-04,19,UK,UK-ENG,Y,,,B.1.1,UK1709,,
England/NORW-E9322/2020,Y,Y,NORW-E9322,,2020-04-26,18,UK,UK-ENG,Y,,,B.3,UK462,,
England/NORW-EA770/2020,Y,Y,NORW-EA770,,2020-05-18,21,UK,UK-ENG,N,,,B.1.105,UK2231,,
England/NORW-E8DAD/2020,Y,Y,NORW-E8DAD,,2020-04-28,18,UK,UK-ENG,Y,,,B.1,UK2913,,
England/NORW-EA0B1/2020,Y,Y,NORW-EA0B1,,2020-05-19,21,UK,UK-ENG,N,,,B,UK173,,
England/NORW-E90D0/2020,Y,Y,NORW-E90D0,,2020-04-28,18,UK,UK-ENG,Y,,,B.1.201,UK3230,,
England/NORW-E8DBC/2020,Y,Y,NORW-E8DBC,,2020-04-27,18,UK,UK-ENG,Y,,,B.1.1,UK1427,,
England/NORW-EA804/2020,Y,Y,NORW-EA804,,2020-05-16,20,UK,UK-ENG,Y,,,B.1.1,UK1427,,
England/NORW-EAC44/2020,Y,Y,NORW-EAC44,,2020-04-29,18,UK,UK-ENG,Y,,,B.1.201,UK3230,,
England/NORW-E9D33/2020,Y,Y,NORW-E9D33,,2020-04-30,18,UK,UK-ENG,Y,,,B.1.1,UK2330,,
England/NORW-EA8E6/2020,Y,Y,NORW-EA8E6,,2020-05-17,21,UK,UK-ENG,Y,,,B.1.225,UK4371,,
England/NORW-EA8D7/2020,Y,Y,NORW-EA8D7,,2020-05-17,21,UK,UK-ENG,Y,,,B.1,UK2913,,
England/NORW-EA5FE/2020,Y,Y,NORW-EA5FE,,2020-05-21,21,UK,UK-ENG,N,,,B.1,UK4495,,
England/NORW-EA093/2020,Y,Y,NORW-EA093,,2020-05-18,21,UK,UK-ENG,N,,,B.1,UK2913,,
England/NORW-EA87D/2020,Y,Y,NORW-EA87D,,2020-05-21,21,UK,UK-ENG,N,,,B.1,UK4371,,
England/NORW-E8DDA/2020,Y,Y,NORW-E8DDA,,2020-04-26,18,UK,UK-ENG,Y,,,B.1.1,UK1665,,
England/NORW-E8DCB/2020,Y,Y,NORW-E8DCB,,2020-04-28,18,UK,UK-ENG,Y,,,B,UK255,,
England/NORW-EB214/2020,Y,Y,NORW-EB214,,2020-05-03,19,UK,UK-ENG,N,,,B.1.225,UK4371,,
England/NORW-EA5A3/2020,Y,Y,NORW-EA5A3,,2020-05-21,21,UK,UK-ENG,N,,,B.3,UK462,,
England/NORW-E9A69/2020,Y,Y,NORW-E9A69,,2020-04-30,18,UK,UK-ENG,Y,,,B.1.225,UK1625,,
England/NORW-EAA4A/2020,Y,Y,NORW-EAA4A,,2020-05-16,20,UK,UK-ENG,Y,,,B.1.1,UK1173,,
England/NORW-E9A1E/2020,Y,Y,NORW-E9A1E,,2020-04-29,18,UK,UK-ENG,Y,,,B,UK255,,
England/NORW-E8E40/2020,Y,Y,NORW-E8E40,,2020-04-28,18,UK,UK-ENG,Y,,,B.1.1,UK1893,del_trans_516,UK1893_1.71
England/NORW-E9850/2020,Y,Y,NORW-E9850,,2020-04-29,18,UK,UK-ENG,Y,,,B.1.1,UK5356,del_trans_537267,UK5356_1.1.1
England/NORW-EA734/2020,Y,Y,NORW-EA734,,2020-05-21,21,UK,UK-ENG,N,,,B.1.93,UK533,,
England/NORW-E98E7/2020,Y,Y,NORW-E98E7,,2020-04-29,18,UK,UK-ENG,Y,,,B.1.1,UK1427,,
England/NORW-E910A/2020,Y,Y,NORW-E910A,,2020-04-28,18,UK,UK-ENG,Y,,,B.1.1,UK2706,,
England/NORW-EA96B/2020,Y,Y,NORW-EA96B,,2020-05-18,21,UK,UK-ENG,N,,,B.1,UK2989,,
England/NORW-E997B/2020,Y,Y,NORW-E997B,,2020-04-29,18,UK,UK-ENG,Y,,,B.1.1,UK1893,,
England/NORW-E9AE1/2020,Y,Y,NORW-E9AE1,,2020-04-30,18,UK,UK-ENG,Y,,,B,UK512,,
England/NORW-E91BF/2020,Y,Y,NORW-E91BF,,2020-04-28,18,UK,UK-ENG,Y,,,B,UK255,,
England/NORW-EA585/2020,Y,Y,NORW-EA585,,2020-05-21,21,UK,UK-ENG,Y,,,B.1,UK6628,del_trans_730716,UK6628_1
England/NORW-E9771/2020,Y,Y,NORW-E9771,,2020-04-29,18,UK,UK-ENG,Y,,,B.1.1,UK1893,,
England/NORW-EAA1D/2020,Y,Y,NORW-EAA1D,,2020-05-16,20,UK,UK-ENG,Y,,,B.1.225,UK4371,,
England/NORW-E90EF/2020,Y,Y,NORW-E90EF,,2020-04-28,18,UK,UK-ENG,Y,,,B.1.1,UK8896,,
England/NORW-EA813/2020,Y,Y,NORW-EA813,,2020-05-18,21,UK,UK-ENG,N,,,B.1,UK2989,,
England/NORW-E8FF2/2020,Y,Y,NORW-E8FF2,,2020-04-28,18,UK,UK-ENG,Y,,,B.1.1.88,UK9137,,
England/NORW-EA7CB/2020,Y,Y,NORW-EA7CB,,2020-05-17,21,UK,UK-ENG,Y,,,B.1,UK4371,,
England/NORW-EA743/2020,Y,Y,NORW-EA743,,2020-05-21,21,UK,UK-ENG,N,,,B.1.1,UK9544,,
England/NORW-E9094/2020,Y,Y,NORW-E9094,,2020-04-29,18,UK,UK-ENG,Y,,,B,UK255,,
England/NORW-EA628/2020,Y,Y,NORW-EA628,,2020-05-20,21,UK,UK-ENG,N,,,B.1.1.3,UK9080,,
England/NORW-E9735/2020,Y,Y,NORW-E9735,,2020-04-29,18,UK,UK-ENG,Y,,,B.1.1,UK1893,,
England/NORW-EB2C9/2020,Y,Y,NORW-EB2C9,,2020-05-03,19,UK,UK-ENG,N,,,B.1.1,UK1766,del_trans_537669,UK1766_1
England/NORW-E939B/2020,Y,Y,NORW-E939B,,2020-04-28,18,UK,UK-ENG,Y,,,B.1.1,UK8896,,
England/NORW-EAFA5/2020,Y,Y,NORW-EAFA5,,2020-04-29,18,UK,UK-ENG,N,,,B.1.1.1,UK3937,,
England/NORW-EBB73/2020,Y,Y,NORW-EBB73,,2020-05-07,19,UK,UK-ENG,N,,,B.1.1,UK9544,del_trans_538256,UK9544_1
England/NORW-EC3E3/2020,Y,Y,NORW-EC3E3,,2020-05-12,20,UK,UK-ENG,N,,,B.1.1,UK1176,,
England/NORW-EBD13/2020,Y,Y,NORW-EBD13,,2020-05-01,18,UK,UK-ENG,N,,,B.1.1,UK1709,,
England/NORW-EC899/2020,Y,Y,NORW-EC899,,2020-05-17,21,UK,UK-ENG,N,,,B.1.1,UK2330,,
England/NORW-EB320/2020,Y,Y,NORW-EB320,,2020-05-02,18,UK,UK-ENG,N,,,B.1.1,UK1893,,
England/NORW-EAEB7/2020,Y,Y,NORW-EAEB7,,2020-04-30,18,UK,UK-ENG,N,,,B.1.1,UK1893,,
England/NORW-EB8F4/2020,Y,Y,NORW-EB8F4,,2020-05-08,19,UK,UK-ENG,N,,,B.1.1,UK1336,,
England/NORW-EC4A4/2020,Y,Y,NORW-EC4A4,,2020-05-17,21,UK,UK-ENG,Y,,,B.1,UK2989,,
England/NORW-EC5FC/2020,Y,Y,NORW-EC5FC,,2020-05-08,19,UK,UK-ENG,N,,,B.1.201,UK3230,,
England/NORW-EBCE9/2020,Y,Y,NORW-EBCE9,,2020-05-06,19,UK,UK-ENG,N,,,B.1.1,UK2334,,
England/NORW-EB26F/2020,Y,Y,NORW-EB26F,,2020-05-01,18,UK,UK-ENG,N,,,B.1.201,UK3230,,
England/NORW-EB065/2020,Y,Y,NORW-EB065,,2020-04-30,18,UK,UK-ENG,N,,,B.1.201,UK3230,,
England/NORW-EBC25/2020,Y,Y,NORW-EBC25,,2020-05-07,19,UK,UK-ENG,N,,,B.1.1,UK9670,del_trans_1557,
England/NORW-EC5B0/2020,Y,Y,NORW-EC5B0,,2020-05-10,20,UK,UK-ENG,N,,,B.1.1,UK3689,,
England/NORW-EBE4D/2020,Y,Y,NORW-EBE4D,,2020-05-06,19,UK,UK-ENG,N,,,B.1,UK1067,,
England/NORW-EB469/2020,Y,Y,NORW-EB469,,2020-04-27,18,UK,UK-ENG,N,,,B.1,UK2913,,
England/NORW-EA3F4/2020,Y,Y,NORW-EA3F4,,2020-05-13,20,UK,UK-ENG,N,,,B.1.201,UK3230,del_trans_731034,UK3230_1.2.1
England/NORW-EABDE/2020,Y,Y,NORW-EABDE,,2020-05-09,19,UK,UK-ENG,N,,,B.1.1,UK1427,,
England/NORW-EADD8/2020,Y,Y,NORW-EADD8,,2020-04-29,18,UK,UK-ENG,N,,,B.1.1.10,UK3363,,
England/NORW-EAF2D/2020,Y,Y,NORW-EAF2D,,2020-04-29,18,UK,UK-ENG,N,,,B.1.1,UK1427,,
England/NORW-EC529/2020,Y,Y,NORW-EC529,,2020-05-12,20,UK,UK-ENG,N,,,B.1.1,UK3715,,
England/NORW-EB43C/2020,Y,Y,NORW-EB43C,,2020-05-03,19,UK,UK-ENG,N,,,B.1.1,UK2334,,
England/NORW-EAFF0/2020,Y,Y,NORW-EAFF0,,2020-04-30,18,UK,UK-ENG,N,,,B.1.93,UK533,,
England/NORW-EC5ED/2020,Y,Y,NORW-EC5ED,,2020-05-09,19,UK,UK-ENG,N,,,B.1.1,UK1427,,
England/NORW-EA190/2020,Y,Y,NORW-EA190,,2020-05-14,20,UK,UK-ENG,N,,,B.1,UK2913,,
England/NORW-EAC35/2020,Y,Y,NORW-EAC35,,2020-05-11,20,UK,UK-ENG,N,,,B,UK255,,
England/NORW-EC8B7/2020,Y,Y,NORW-EC8B7,,2020-05-17,21,UK,UK-ENG,N,,,B.1.1,UK1521,,
England/NORW-EA1AF/2020,Y,Y,NORW-EA1AF,,2020-05-09,19,UK,UK-ENG,N,,,B.1.1,UK1173,,
England/NORW-EB33F/2020,Y,Y,NORW-EB33F,,2020-05-03,19,UK,UK-ENG,Y,,,B.1.1,UK1173,,
England/NORW-EAE8A/2020,Y,Y,NORW-EAE8A,,2020-04-29,18,UK,UK-ENG,N,,,B.1.111,UK10626,,
England/NORW-EB900/2020,Y,Y,NORW-EB900,,2020-05-08,19,UK,UK-ENG,N,,,B.1.391,UK2464,,
England/NORW-EB997/2020,Y,Y,NORW-EB997,,2020-05-07,19,UK,UK-ENG,N,,,B.1.93,UK533,,
England/NORW-EC6DB/2020,Y,Y,NORW-EC6DB,,2020-05-10,20,UK,UK-ENG,N,,,B.1.201,UK3230,,
England/NORW-EAED5/2020,Y,Y,NORW-EAED5,,2020-04-30,18,UK,UK-ENG,N,,,B.1.201,UK3230,,
England/NORW-EBD40/2020,Y,Y,NORW-EBD40,,2020-05-06,19,UK,UK-ENG,N,,,B.1.1,UK1173,,
England/NORW-EB038/2020,Y,Y,NORW-EB038,,2020-04-29,18,UK,UK-ENG,N,,,B.1.1.274,UK1907,,
England/NORW-EBD5F/2020,Y,Y,NORW-EBD5F,,2020-05-06,19,UK,UK-ENG,N,,,B.1.1,UK1766,del_trans_537669,UK1766_1
England/NORW-EAD41/2020,Y,Y,NORW-EAD41,,2020-04-29,18,UK,UK-ENG,N,,,B.1.1,UK1521,,
England/NORW-EB663/2020,Y,Y,NORW-EB663,,2020-05-01,18,UK,UK-ENG,N,,,B.1.1,UK621,,
England/NORW-EB8E5/2020,Y,Y,NORW-EB8E5,,2020-05-08,19,UK,UK-ENG,Y,,,B.1.225,UK4371,del_trans_730860,UK4371_1.2
England/NORW-EABED/2020,Y,Y,NORW-EABED,,2020-05-09,19,UK,UK-ENG,N,,,B.1.1,UK9219,,
England/NORW-EB4B4/2020,Y,Y,NORW-EB4B4,,2020-05-01,18,UK,UK-ENG,N,,,B.1.105,UK2231,,
England/NORW-EB2AB/2020,Y,Y,NORW-EB2AB,,2020-05-03,19,UK,UK-ENG,N,,,B.1.1,UK9565,,
England/NORW-EA136/2020,Y,Y,NORW-EA136,,2020-05-13,20,UK,UK-ENG,N,,,B.1.1,UK1427,,
England/NORW-EC732/2020,Y,Y,NORW-EC732,,2020-05-12,20,UK,UK-ENG,Y,,,B.1.1,UK1142,,
England/NORW-EAAA4/2020,Y,Y,NORW-EAAA4,,2020-05-10,20,UK,UK-ENG,N,,,B.3,UK462,del_trans_47,UK462_1.3.2
England/NORW-EBAA3/2020,Y,Y,NORW-EBAA3,,2020-05-07,19,UK,UK-ENG,N,,,B.1.1,UK1893,,
England/NORW-EC35C/2020,Y,Y,NORW-EC35C,,2020-05-11,20,UK,UK-ENG,N,,,B.1.1,UK1427,,
England/NORW-EB636/2020,Y,Y,NORW-EB636,,2020-05-01,18,UK,UK-ENG,N,,,B.1.1,UK608,del_trans_560,UK608_1
England/NORW-EB557/2020,Y,Y,NORW-EB557,,2020-05-01,18,UK,UK-ENG,Y,,,B.1.1,UK1926,,
England/NORW-EAF96/2020,Y,Y,NORW-EAF96,,2020-04-29,18,UK,UK-ENG,N,,,B.1.1,UK3689,,
England/NORW-EAB92/2020,Y,Y,NORW-EAB92,,2020-05-11,20,UK,UK-ENG,N,,,B.1,UK2913,del_trans_731770,UK2913_1.3
England/NORW-EAB38/2020,Y,Y,NORW-EAB38,,2020-05-09,19,UK,UK-ENG,N,,,B.1.1,UK1427,,
England/NORW-EB37B/2020,Y,Y,NORW-EB37B,,2020-05-01,18,UK,UK-ENG,N,,,B.1,UK2190,,
England/NORW-EC4C2/2020,Y,Y,NORW-EC4C2,,2020-05-13,20,UK,UK-ENG,N,,,B.1,UK2989,,
England/NORW-EB50C/2020,Y,Y,NORW-EB50C,,2020-05-01,18,UK,UK-ENG,N,,,B.1.1,UK608,,
England/NORW-EB029/2020,Y,Y,NORW-EB029,,2020-04-30,18,UK,UK-ENG,N,,,B.1.1,UK9660,,
England/NORW-EC5CF/2020,Y,Y,NORW-EC5CF,,2020-05-10,20,UK,UK-ENG,N,,,B.1.1,UK1709,,
England/NORW-EC626/2020,Y,Y,NORW-EC626,,2020-05-07,19,UK,UK-ENG,Y,,,B.1.1,UK1173,,
England/NORW-EB487/2020,Y,Y,NORW-EB487,,2020-05-02,18,UK,UK-ENG,N,,,B.1.1,UK1893,,
England/NORW-EBD8C/2020,Y,Y,NORW-EBD8C,,2020-05-05,19,UK,UK-ENG,N,,,B.1.225,UK4371,,
England/NORW-EACCC/2020,Y,Y,NORW-EACCC,,2020-05-11,20,UK,UK-ENG,N,,,B.1,UK2913,,
England/NORW-EBDF5/2020,Y,Y,NORW-EBDF5,,2020-05-06,19,UK,UK-ENG,N,,,B.1,UK2913,,
England/NORW-EBE89/2020,Y,Y,NORW-EBE89,,2020-05-08,19,UK,UK-ENG,N,,,B.1.1,UK9544,,
England/NORW-EB575/2020,Y,Y,NORW-EB575,,2020-05-01,18,UK,UK-ENG,Y,,,B.1.1,UK1709,,
England/NORW-EBE3E/2020,Y,Y,NORW-EBE3E,,2020-05-05,19,UK,UK-ENG,N,,,B.1.225,UK4371,,
England/NORW-EBA67/2020,Y,Y,NORW-EBA67,,2020-05-05,19,UK,UK-ENG,N,,,B.1.1,UK2330,,
England/NORW-EA3C7/2020,Y,Y,NORW-EA3C7,,2020-05-14,20,UK,UK-ENG,N,,,B.1.225,UK4371,,
England/NORW-EACF9/2020,Y,Y,NORW-EACF9,,2020-05-10,20,UK,UK-ENG,N,,,B.1.225,UK4371,,
England/NORW-EAB47/2020,Y,Y,NORW-EAB47,,2020-05-10,20,UK,UK-ENG,N,,,B.1.1,UK1427,,
England/NORW-EBD7D/2020,Y,Y,NORW-EBD7D,,2020-05-06,19,UK,UK-ENG,N,,,B.1.1,UK2330,,
England/NORW-EC4E0/2020,Y,Y,NORW-EC4E0,,2020-05-10,20,UK,UK-ENG,N,,,B.1.1,UK621,del_trans_538037,
England/NORW-EBB19/2020,Y,Y,NORW-EBB19,,2020-05-06,19,UK,UK-ENG,N,,,B.1.1,UK1893,,
England/NORW-EAFD2/2020,Y,Y,NORW-EAFD2,,2020-04-29,18,UK,UK-ENG,N,,,B.1.111,UK10626,,
England/NORW-EC7F6/2020,Y,Y,NORW-EC7F6,,2020-05-13,20,UK,UK-ENG,N,,,B.1.1,UK3689,,
England/NORW-EAF3C/2020,Y,Y,NORW-EAF3C,,2020-04-30,18,UK,UK-ENG,N,,,B.1.201,UK3230,,
England/NORW-EAC26/2020,Y,Y,NORW-EAC26,,2020-05-10,20,UK,UK-ENG,N,,,B.1,UK2913,,
England/NORW-EC76F/2020,Y,Y,NORW-EC76F,,2020-05-11,20,UK,UK-ENG,N,,,B.1.93,UK533,,
England/NORW-EBDE6/2020,Y,Y,NORW-EBDE6,,2020-05-08,19,UK,UK-ENG,N,,,B.1.201,UK3230,del_trans_731034,UK3230_1.2
England/NORW-EADAB/2020,Y,Y,NORW-EADAB,,2020-04-29,18,UK,UK-ENG,N,,,B.1.1,UK9565,,
England/NORW-EBCF8/2020,Y,Y,NORW-EBCF8,,2020-05-08,19,UK,UK-ENG,N,,,B.1.201,UK3230,,
England/NORW-EBBBF/2020,Y,Y,NORW-EBBBF,,2020-05-06,19,UK,UK-ENG,N,,,B.1.1,UK8650,del_trans_2264,
England/NORW-EC7AB/2020,Y,Y,NORW-EC7AB,,2020-05-12,20,UK,UK-ENG,N,,,B.1,UK2913,,
England/NORW-EAA77/2020,Y,Y,NORW-EAA77,,2020-05-11,20,UK,UK-ENG,N,,,B.1.1,UK1893,,
England/NORW-EB4D2/2020,Y,Y,NORW-EB4D2,,2020-05-01,18,UK,UK-ENG,N,,,B,UK11945,del_trans_182,UK11945_1.1
England/NORW-EBE10/2020,Y,Y,NORW-EBE10,,2020-05-06,19,UK,UK-ENG,N,,,B.1.201,UK3230,,
England/NORW-EB40F/2020,Y,Y,NORW-EB40F,,2020-05-01,18,UK,UK-ENG,Y,,,B.1.1,UK1709,,
England/NORW-EBC34/2020,Y,Y,NORW-EBC34,,2020-05-08,19,UK,UK-ENG,N,,,B.1.1,UK1173,,
England/NORW-EB539/2020,Y,Y,NORW-EB539,,2020-05-01,18,UK,UK-ENG,Y,,,B.1.1,UK1766,,
England/NORW-EAA86/2020,Y,Y,NORW-EAA86,,2020-05-10,20,UK,UK-ENG,N,,,B,UK118,del_trans_197,UK118_1.1
England/NORW-EC69F/2020,Y,Y,NORW-EC69F,,2020-05-10,20,UK,UK-ENG,N,,,B.1.93,UK533,,
England/NORW-EB9B5/2020,Y,Y,NORW-EB9B5,,2020-05-08,19,UK,UK-ENG,N,,,B.1.1,UK1893,,
England/NORW-EC8C6/2020,Y,Y,NORW-EC8C6,,2020-05-17,21,UK,UK-ENG,N,,,B.1.1,UK621,,
England/NORW-EC41D/2020,Y,Y,NORW-EC41D,,2020-05-11,20,UK,UK-ENG,N,,,B.1.1,UK1142,,
England/NORW-EB36C/2020,Y,Y,NORW-EB36C,,2020-05-03,19,UK,UK-ENG,N,,,B.1.1,UK1709,,
England/NORW-EBC70/2020,Y,Y,NORW-EBC70,,2020-05-05,19,UK,UK-ENG,N,,,B.1.1,UK2330,,
England/NORW-EB8B8/2020,Y,Y,NORW-EB8B8,,2020-05-07,19,UK,UK-ENG,N,,,B.1.1,UK3044,,
England/NORW-EAE02/2020,Y,Y,NORW-EAE02,,2020-04-30,18,UK,UK-ENG,N,,,B.1.105,UK6031,del_trans_541176,
England/NORW-EB44B/2020,Y,Y,NORW-EB44B,,2020-05-02,18,UK,UK-ENG,N,,,B,UK255,,
England/NORW-EB94C/2020,Y,Y,NORW-EB94C,,2020-05-08,19,UK,UK-ENG,N,,,B,UK322,,
England/NORW-EC705/2020,Y,Y,NORW-EC705,,2020-05-11,20,UK,UK-ENG,N,,,B.1.1,UK1173,,
England/NORW-EA303/2020,Y,Y,NORW-EA303,,2020-05-12,20,UK,UK-ENG,N,,,B.1.93,UK533,,
England/NORW-EC6F9/2020,Y,Y,NORW-EC6F9,,2020-05-11,20,UK,UK-ENG,N,,,B.1.1,UK1427,,
England/NORW-EAD32/2020,Y,Y,NORW-EAD32,,2020-04-28,18,UK,UK-ENG,Y,,,B.1.1.41,UK1893,,
England/NORW-EBC43/2020,Y,Y,NORW-EBC43,,2020-05-06,19,UK,UK-ENG,N,,,B.1,UK4717,,
England/NORW-EB047/2020,Y,Y,NORW-EB047,,2020-04-29,18,UK,UK-ENG,N,,,B.1.1.3,UK9080,,
England/NORW-EAD9C/2020,Y,Y,NORW-EAD9C,,2020-04-29,18,UK,UK-ENG,N,,,B.1.201,UK3230,,
England/NORW-EB232/2020,Y,Y,NORW-EB232,,2020-05-02,18,UK,UK-ENG,N,,,B.1.1,UK1893,,
England/NORW-EA46A/2020,Y,Y,NORW-EA46A,,2020-05-12,20,UK,UK-ENG,N,,,B.1.93,UK533,,
England/NORW-EC617/2020,Y,Y,NORW-EC617,,2020-05-09,19,UK,UK-ENG,N,,,B.1.1,UK1926,,
England/NORW-EB4F0/2020,Y,Y,NORW-EB4F0,,2020-05-01,18,UK,UK-ENG,N,,,B.1.105,UK2231,,
England/NORW-EC85D/2020,Y,Y,NORW-EC85D,,2020-05-13,20,UK,UK-ENG,Y,,,B,UK118,del_trans_197,UK118_1.1
England/NORW-EAF5A/2020,Y,Y,NORW-EAF5A,,2020-04-30,18,UK,UK-ENG,N,,,B.1,UK2913,,
England/NORW-EB01A/2020,Y,Y,NORW-EB01A,,2020-04-30,18,UK,UK-ENG,N,,,B.3,UK462,,
England/NORW-EC7E7/2020,Y,Y,NORW-EC7E7,,2020-05-12,20,UK,UK-ENG,Y,,,B.1.1.1,UK3087,,
England/NORW-EB00B/2020,Y,Y,NORW-EB00B,,2020-04-30,18,UK,UK-ENG,N,,,B.1.1,UK1893,,
England/NORW-EBA94/2020,Y,Y,NORW-EBA94,,2020-05-06,19,UK,UK-ENG,N,,,B.1.201,UK3230,,
England/NORW-EB28D/2020,Y,Y,NORW-EB28D,,2020-05-03,19,UK,UK-ENG,N,,,B.1.1,UK1173,,
England/NORW-EAFC3/2020,Y,Y,NORW-EAFC3,,2020-04-29,18,UK,UK-ENG,N,,,B.1,UK2913,,
England/NORW-EC87B/2020,Y,Y,NORW-EC87B,,2020-05-13,20,UK,UK-ENG,N,,,B.1.1,UK9544,,
England/NORW-EAC08/2020,Y,Y,NORW-EAC08,,2020-05-09,19,UK,UK-ENG,N,,,B,UK255,,
England/NORW-EB93D/2020,Y,Y,NORW-EB93D,,2020-05-08,19,UK,UK-ENG,N,,,B.1.1,UK621,,
England/NORW-EC42C/2020,Y,Y,NORW-EC42C,,2020-05-11,20,UK,UK-ENG,Y,,,B.1.1,UK8889,,
England/NORW-E9058/2020,Y,Y,NORW-E9058,,2020-04-25,17,UK,UK-ENG,Y,,,B.1.1,UK1893,,
England/NORW-E8F3E/2020,Y,Y,NORW-E8F3E,,2020-04-26,18,UK,UK-ENG,Y,,,B.1.201,UK3230,,
England/NORW-E9559/2020,Y,Y,NORW-E9559,,2020-04-22,17,UK,UK-ENG,Y,,,B.1,UK4717,del_trans_468,UK4717_1
England/NORW-E704B/2020,Y,Y,NORW-E704B,,2020-04-21,17,UK,UK-ENG,Y,,,B.1.201,UK3230,,
England/NORW-E9049/2020,Y,Y,NORW-E9049,,2020-04-24,17,UK,UK-ENG,Y,,,B,UK255,,
England/NORW-E92DA/2020,Y,Y,NORW-E92DA,,2020-04-27,18,UK,UK-ENG,Y,,,B.1,UK2913,,
England/NORW-E6F7C/2020,Y,Y,NORW-E6F7C,,2020-04-22,17,UK,UK-ENG,Y,,,B.1.1,UK1173,,
England/NORW-E93B9/2020,Y,Y,NORW-E93B9,,2020-04-27,18,UK,UK-ENG,Y,,,B.1.1,UK2510,,
England/NORW-E92CB/2020,Y,Y,NORW-E92CB,,2020-04-27,18,UK,UK-ENG,Y,,,B.1,UK2913,,
England/NORW-E9085/2020,Y,Y,NORW-E9085,,2020-04-25,17,UK,UK-ENG,Y,,,B.1.225,UK4371,,
England/NORW-E6DAF/2020,Y,Y,NORW-E6DAF,,2020-04-21,17,UK,UK-ENG,Y,,,B.1.1,UK9544,,
England/NORW-E8D8F/2020,Y,Y,NORW-E8D8F,,2020-04-26,18,UK,UK-ENG,Y,,,B,UK173,,
England/NORW-E6E33/2020,Y,Y,NORW-E6E33,,2020-04-21,17,UK,UK-ENG,Y,,,B.1.111,UK10626,,
England/NORW-E9331/2020,Y,Y,NORW-E9331,,2020-04-26,18,UK,UK-ENG,Y,,,B.1.1,UK1237,,
England/NORW-E8E31/2020,Y,Y,NORW-E8E31,,2020-04-26,18,UK,UK-ENG,Y,,,B.1.1.10,UK3363,,
England/NORW-E94E3/2020,Y,Y,NORW-E94E3,,2020-04-22,17,UK,UK-ENG,Y,,,B.1.111,UK10626,,
England/NORW-E9674/2020,Y,Y,NORW-E9674,,2020-04-22,17,UK,UK-ENG,Y,,,B.1.1,UK1427,,
England/NORW-E96DE/2020,Y,Y,NORW-E96DE,,2020-04-22,17,UK,UK-ENG,Y,,,B.1.111,UK10626,,
England/NORW-E701E/2020,Y,Y,NORW-E701E,,2020-04-21,17,UK,UK-ENG,Y,,,B.1.1,UK1086,,
England/NORW-E9216/2020,Y,Y,NORW-E9216,,2020-04-26,18,UK,UK-ENG,Y,,,B.1,UK7162,del_trans_733607,
England/NORW-E9647/2020,Y,Y,NORW-E9647,,2020-04-22,17,UK,UK-ENG,Y,,,B.1.111,UK10626,,
England/NORW-E8EF5/2020,Y,Y,NORW-E8EF5,,2020-04-24,17,UK,UK-ENG,Y,,,B.1.201,UK3230,,
England/NORW-E902B/2020,Y,Y,NORW-E902B,,2020-04-25,17,UK,UK-ENG,Y,,,B.1.1,UK2013,,
England/NORW-E901C/2020,Y,Y,NORW-E901C,,2020-04-24,17,UK,UK-ENG,Y,,,B.1.1,UK1427,,
England/NORW-E8E13/2020,Y,Y,NORW-E8E13,,2020-04-25,17,UK,UK-ENG,Y,,,B,UK255,,
England/NORW-E8F5C/2020,Y,Y,NORW-E8F5C,,2020-04-26,18,UK,UK-ENG,Y,,,B.1.201,UK3230,,
England/NORW-E900D/2020,Y,Y,NORW-E900D,,2020-04-25,17,UK,UK-ENG,Y,,,B.1.201,UK3230,,
England/NORW-E9629/2020,Y,Y,NORW-E9629,,2020-04-22,17,UK,UK-ENG,Y,,,B.1.201,UK3230,,
England/NORW-E9304/2020,Y,Y,NORW-E9304,,2020-04-27,18,UK,UK-ENG,Y,,,B.1.1,UK1766,,
England/NORW-E92F8/2020,Y,Y,NORW-E92F8,,2020-04-27,18,UK,UK-ENG,Y,,,B.1,UK2913,,
England/NORW-E9340/2020,Y,Y,NORW-E9340,,2020-04-27,18,UK,UK-ENG,Y,,,B.3,UK440,,
England/NORW-E9270/2020,Y,Y,NORW-E9270,,2020-04-27,18,UK,UK-ENG,Y,,,B.1,UK2913,,
England/NORW-E8F10/2020,Y,Y,NORW-E8F10,,2020-04-26,18,UK,UK-ENG,Y,,,B.1.201,UK3230,,
England/NORW-E8EB9/2020,Y,Y,NORW-E8EB9,,2020-04-25,17,UK,UK-ENG,Y,,,B.1.111,UK10626,,
England/NORW-E8F89/2020,Y,Y,NORW-E8F89,,2020-04-24,17,UK,UK-ENG,Y,,,B.1,UK2913,del_trans_731770,UK2913_1.6
England/NORW-E9067/2020,Y,Y,NORW-E9067,,2020-04-25,17,UK,UK-ENG,Y,,,B.1,UK2981,,
England/NORW-E9243/2020,Y,Y,NORW-E9243,,2020-04-26,18,UK,UK-ENG,Y,,,B.1.1,UK1427,,
England/NORW-E8EC8/2020,Y,Y,NORW-E8EC8,,2020-04-25,17,UK,UK-ENG,Y,,,B.1.1,UK1173,,
England/NORW-E8DF8/2020,Y,Y,NORW-E8DF8,,2020-04-26,18,UK,UK-ENG,Y,,,B.1.1,UK1173,,
England/NORW-E7157/2020,Y,Y,NORW-E7157,,2020-04-21,17,UK,UK-ENG,Y,,,B.1.1,UK1766,,
England/NORW-E903A/2020,Y,Y,NORW-E903A,,2020-04-24,17,UK,UK-ENG,Y,,,B.1,UK5512,,
England/NORW-E8F6B/2020,Y,Y,NORW-E8F6B,,2020-04-25,17,UK,UK-ENG,Y,,,B.1.1,UK1424,,
England/NORW-E92BC/2020,Y,Y,NORW-E92BC,,2020-04-27,18,UK,UK-ENG,Y,,,B.1,UK2913,,
England/NORW-E75E2/2020,Y,Y,NORW-E75E2,,2020-05-04,19,UK,UK-ENG,Y,,,B.1.225,UK4371,,
England/NORW-E7DEA/2020,Y,Y,NORW-E7DEA,,2020-05-06,19,UK,UK-ENG,Y,,,B.1.201,UK3230,del_trans_731034,UK3230_1.2
England/NORW-E7852/2020,Y,Y,NORW-E7852,,2020-05-06,19,UK,UK-ENG,Y,,,B.1.1,UK3689,,
England/NORW-E747C/2020,Y,Y,NORW-E747C,,2020-05-04,19,UK,UK-ENG,Y,,,B.1.1,UK1173,,
England/NORW-E9CEB/2020,Y,Y,NORW-E9CEB,,2020-04-30,18,UK,UK-ENG,Y,,,B.1.1,UK1665,,
England/NORW-E9C81/2020,Y,Y,NORW-E9C81,,2020-04-29,18,UK,UK-ENG,Y,,,B,UK255,,
England/NORW-E74F4/2020,Y,Y,NORW-E74F4,,2020-05-04,19,UK,UK-ENG,Y,,,B.1.1.3,UK9080,,
England/NORW-E79C8/2020,Y,Y,NORW-E79C8,,2020-05-04,19,UK,UK-ENG,Y,,,B.1.1,UK1893,,
England/NORW-E7E05/2020,Y,Y,NORW-E7E05,,2020-05-06,19,UK,UK-ENG,Y,,,B.1.1,UK1427,,
England/NORW-E7500/2020,Y,Y,NORW-E7500,,2020-05-04,19,UK,UK-ENG,Y,,,B.1.225,UK4371,,
England/NORW-E9FA6/2020,Y,Y,NORW-E9FA6,,2020-05-03,19,UK,UK-ENG,Y,,,B.1.1,UK2330,,
England/NORW-E75B5/2020,Y,Y,NORW-E75B5,,2020-05-04,19,UK,UK-ENG,Y,,,B.1.225,UK4371,,
England/NORW-E754C/2020,Y,Y,NORW-E754C,,2020-05-04,19,UK,UK-ENG,Y,,,B.1.225,UK4371,,
England/NORW-E9AD2/2020,Y,Y,NORW-E9AD2,,2020-04-30,18,UK,UK-ENG,Y,,,B,UK118,del_trans_197,UK118_1
England/NORW-EA057/2020,Y,Y,NORW-EA057,,2020-05-03,19,UK,UK-ENG,Y,,,B.1.1,UK1427,,
England/NORW-E74E5/2020,Y,Y,NORW-E74E5,,2020-05-04,19,UK,UK-ENG,Y,,,B.1.1,UK9544,,
England/NORW-E762B/2020,Y,Y,NORW-E762B,,2020-05-04,19,UK,UK-ENG,Y,,,B.1.1,UK1173,,
England/NORW-E78BC/2020,Y,Y,NORW-E78BC,,2020-05-05,19,UK,UK-ENG,Y,,,B.1,UK2913,,
England/NORW-E75D3/2020,Y,Y,NORW-E75D3,,2020-05-04,19,UK,UK-ENG,Y,,,B.1.225,UK4371,,
England/NORW-E9E9A/2020,Y,Y,NORW-E9E9A,,2020-05-02,18,UK,UK-ENG,Y,,,B.1.201,UK3230,,
England/NORW-E75A6/2020,Y,Y,NORW-E75A6,,2020-05-04,19,UK,UK-ENG,Y,,,B.1,UK2913,,
England/NORW-E7870/2020,Y,Y,NORW-E7870,,2020-05-05,19,UK,UK-ENG,Y,,,B.1.1,UK1766,del_trans_537669,UK1766_1
England/NORW-E753D/2020,Y,Y,NORW-E753D,,2020-05-04,19,UK,UK-ENG,Y,,,B.1.225,UK4371,,
England/NORW-EA00C/2020,Y,Y,NORW-EA00C,,2020-05-03,19,UK,UK-ENG,N,,,B.1,UK2913,,
England/NORW-E744F/2020,Y,Y,NORW-E744F,,2020-05-03,19,UK,UK-ENG,Y,,,B.1.1,UK2330,,
England/NORW-E9DCA/2020,Y,Y,NORW-E9DCA,,2020-05-02,18,UK,UK-ENG,Y,,,B.1,UK2913,,
England/NORW-E755B/2020,Y,Y,NORW-E755B,,2020-05-04,19,UK,UK-ENG,Y,,,B.1.225,UK4371,,
England/NORW-E9E30/2020,Y,Y,NORW-E9E30,,2020-05-01,18,UK,UK-ENG,Y,,,B.1.201,UK3230,del_trans_731034,UK3230_1.2.1
England/NORW-E9DF7/2020,Y,Y,NORW-E9DF7,,2020-05-02,18,UK,UK-ENG,Y,,,B.1,UK3230,,
England/NORW-E76D0/2020,Y,Y,NORW-E76D0,,2020-05-04,19,UK,UK-ENG,Y,,,B.1,UK2913,,
England/NORW-E9EB8/2020,Y,Y,NORW-E9EB8,,2020-05-03,19,UK,UK-ENG,Y,,,B.1.1,UK1893,,
England/NORW-E9DBB/2020,Y,Y,NORW-E9DBB,,2020-05-02,18,UK,UK-ENG,N,,,B.1,UK2913,,
England/NORW-EA01B/2020,Y,Y,NORW-EA01B,,2020-04-30,18,UK,UK-ENG,Y,,,B.1.201,UK3230,,
England/NORW-E9FE2/2020,Y,Y,NORW-E9FE2,,2020-05-02,18,UK,UK-ENG,Y,,,B.1,UK2913,,
England/NORW-E79E6/2020,Y,Y,NORW-E79E6,,2020-05-05,19,UK,UK-ENG,Y,,,B.1.1,UK2330,,
England/NORW-E9B66/2020,Y,Y,NORW-E9B66,,2020-04-30,18,UK,UK-ENG,Y,,,B.1.111,UK10626,,
England/NORW-E75C4/2020,Y,Y,NORW-E75C4,,2020-05-04,19,UK,UK-ENG,Y,,,B.1.225,UK4371,,
England/NORW-E7755/2020,Y,Y,NORW-E7755,,2020-05-04,19,UK,UK-ENG,Y,,,B.1,UK2913,,
England/NORW-E9E7C/2020,Y,Y,NORW-E9E7C,,2020-05-01,18,UK,UK-ENG,Y,,,B,UK255,,
England/NORW-E9C54/2020,Y,Y,NORW-E9C54,,2020-04-30,18,UK,UK-ENG,Y,,,B.1,UK2981,,
England/NORW-E9B1B/2020,Y,Y,NORW-E9B1B,,2020-04-30,18,UK,UK-ENG,Y,,,B.1,UK2913,,
England/NORW-E73F7/2020,Y,Y,NORW-E73F7,,2020-05-03,19,UK,UK-ENG,Y,,,B.1.225,UK4371,,
England/NORW-E77A0/2020,Y,Y,NORW-E77A0,,2020-05-05,19,UK,UK-ENG,Y,,,B.1.105,UK2231,,
England/NORW-E7430/2020,Y,Y,NORW-E7430,,2020-05-03,19,UK,UK-ENG,Y,,,B.1.1,UK1400,,
England/NORW-E9D60/2020,Y,Y,NORW-E9D60,,2020-05-01,18,UK,UK-ENG,Y,,,B.1.201,UK3230,,
England/NORW-E9DE8/2020,Y,Y,NORW-E9DE8,,2020-05-03,19,UK,UK-ENG,Y,,,B.1.1,UK1893,,
England/NORW-E7931/2020,Y,Y,NORW-E7931,,2020-05-05,19,UK,UK-ENG,Y,,,B.1.201,UK3230,,
England/NORW-E8D61/2020,Y,Y,NORW-E8D61,,2020-04-12,16,UK,UK-ENG,Y,,,B.1,UK1620,,
England/NORW-E8AB5/2020,Y,Y,NORW-E8AB5,,2020-04-13,16,UK,UK-ENG,Y,,,B.1.1,UK9544,,
England/NORW-E80A4/2020,Y,Y,NORW-E80A4,,2020-04-13,16,UK,UK-ENG,Y,,,B.40,UK11990,,
England/NORW-E8C91/2020,Y,Y,NORW-E8C91,,2020-04-13,16,UK,UK-ENG,Y,,,B.1.1,UK9544,,
England/NORW-E8332/2020,Y,Y,NORW-E8332,,2020-04-12,16,UK,UK-ENG,Y,,,B.1.201,UK3230,,
England/NORW-E6F12/2020,Y,Y,NORW-E6F12,,2020-04-18,16,UK,UK-ENG,Y,,,B.1.225,UK4371,,
England/NORW-E8709/2020,Y,Y,NORW-E8709,,2020-04-18,16,UK,UK-ENG,Y,,,B.1.1,UK1766,,
England/NORW-E8666/2020,Y,Y,NORW-E8666,,2020-04-17,16,UK,UK-ENG,Y,,,B.1.225,UK4371,,
England/NORW-E9498/2020,Y,Y,NORW-E9498,,2020-04-22,17,UK,UK-ENG,Y,,,B.1.1,UK9544,,
England/NORW-E7193/2020,Y,Y,NORW-E7193,,2020-04-20,17,UK,UK-ENG,Y,,,B,UK322,,
England/NORW-E702D/2020,Y,Y,NORW-E702D,,2020-04-20,17,UK,UK-ENG,Y,,,B,UK322,,
England/NORW-E8833/2020,Y,Y,NORW-E8833,,2020-04-15,16,UK,UK-ENG,Y,,,B.1.1,UK1893,,
England/NORW-E9841/2020,Y,Y,NORW-E9841,,2020-04-23,17,UK,UK-ENG,Y,,,B.1.1,UK1427,,
England/NORW-E94F2/2020,Y,Y,NORW-E94F2,,2020-04-23,17,UK,UK-ENG,Y,,,B.1.1,UK9544,,
England/NORW-E83F6/2020,Y,Y,NORW-E83F6,,2020-04-18,16,UK,UK-ENG,Y,,,B.1.1,UK3092,del_trans_2311,UK3092_1
England/NORW-E97DB/2020,Y,Y,NORW-E97DB,,2020-04-23,17,UK,UK-ENG,Y,,,B.1.1,UK1336,,
England/NORW-E7139/2020,Y,Y,NORW-E7139,,2020-04-18,16,UK,UK-ENG,Y,,,B.1,UK2913,,
England/NORW-E6F9A/2020,Y,Y,NORW-E6F9A,,2020-04-19,17,UK,UK-ENG,Y,,,B.1.201,UK3230,,
England/NORW-E94A7/2020,Y,Y,NORW-E94A7,,2020-04-22,17,UK,UK-ENG,Y,,,B.1.201,UK3230,,
England/NORW-E7254/2020,Y,Y,NORW-E7254,,2020-04-20,17,UK,UK-ENG,Y,,,B.1,UK2913,,
England/NORW-E6DEB/2020,Y,Y,NORW-E6DEB,,2020-04-18,16,UK,UK-ENG,Y,,,B.1.1,UK1893,del_trans_516,UK1893_1.66
England/NORW-E8A97/2020,Y,Y,NORW-E8A97,,2020-04-15,16,UK,UK-ENG,Y,,,B.1.1,UK1427,,
England/NORW-E705A/2020,Y,Y,NORW-E705A,,2020-04-19,17,UK,UK-ENG,Y,,,B.1.111,UK10626,,
England/NORW-E8578/2020,Y,Y,NORW-E8578,,2020-04-17,16,UK,UK-ENG,Y,,,B.1.1,UK1893,,
England/NORW-E7360/2020,Y,Y,NORW-E7360,,2020-04-20,17,UK,UK-ENG,Y,,,B,UK255,,
England/NORW-E8693/2020,Y,Y,NORW-E8693,,2020-04-16,16,UK,UK-ENG,Y,,,B.1.1,UK1465,,
England/NORW-E98D8/2020,Y,Y,NORW-E98D8,,2020-04-23,17,UK,UK-ENG,Y,,,B.1.1,UK1173,,
England/NORW-E942F/2020,Y,Y,NORW-E942F,,2020-04-23,17,UK,UK-ENG,Y,,,B.1.1,UK1427,,
England/NORW-E738E/2020,Y,Y,NORW-E738E,,2020-04-20,17,UK,UK-ENG,Y,,,B.1.1,UK1893,del_trans_516,UK1893_1
England/NORW-E86DF/2020,Y,Y,NORW-E86DF,,2020-04-17,16,UK,UK-ENG,N,,,B.1,UK2916,,
England/NORW-E988D/2020,Y,Y,NORW-E988D,,2020-04-23,17,UK,UK-ENG,Y,,,B.1,UK4371,,
England/NORW-E739D/2020,Y,Y,NORW-E739D,,2020-04-19,17,UK,UK-ENG,Y,,,B.1.111,UK10626,,
England/NORW-E93C8/2020,Y,Y,NORW-E93C8,,2020-04-22,17,UK,UK-ENG,Y,,,B.1.1,UK1893,,
England/NORW-E7333/2020,Y,Y,NORW-E7333,,2020-04-20,17,UK,UK-ENG,Y,,,B.1.1,UK1427,,
England/NORW-E80FF/2020,Y,Y,NORW-E80FF,,2020-04-15,16,UK,UK-ENG,Y,,,B.1.201,UK3230,,
England/NORW-E99F3/2020,Y,Y,NORW-E99F3,,2020-04-23,17,UK,UK-ENG,Y,,,B.1.1,UK9544,,
England/NORW-E6DDC/2020,Y,Y,NORW-E6DDC,,2020-04-19,17,UK,UK-ENG,Y,,,B.1,UK2913,,
England/NORW-E70E1/2020,Y,Y,NORW-E70E1,,2020-04-19,17,UK,UK-ENG,Y,,,B.1.1,UK5378,,
England/NORW-E9823/2020,Y,Y,NORW-E9823,,2020-04-23,17,UK,UK-ENG,Y,,,B,UK200,del_trans_224,UK200_1
England/NORW-E711B/2020,Y,Y,NORW-E711B,,2020-04-18,16,UK,UK-ENG,Y,,,B.1.201,UK3230,,
England/NORW-E6EF7/2020,Y,Y,NORW-E6EF7,,2020-04-19,17,UK,UK-ENG,Y,,,B,UK11929,,
England/NORW-E86B1/2020,Y,Y,NORW-E86B1,,2020-04-18,16,UK,UK-ENG,Y,,,B.1,UK2913,,
England/NORW-E97AE/2020,Y,Y,NORW-E97AE,,2020-04-23,17,UK,UK-ENG,Y,,,B.1.1,UK3442,,
England/NORW-E72DC/2020,Y,Y,NORW-E72DC,,2020-04-19,17,UK,UK-ENG,Y,,,B.1.1,UK508,del_trans_1155,UK508_1
England/NORW-E9814/2020,Y,Y,NORW-E9814,,2020-04-23,17,UK,UK-ENG,Y,,,B.1.1,UK9544,del_trans_538256,UK9544_1
England/NORW-E6E42/2020,Y,Y,NORW-E6E42,,2020-04-21,17,UK,UK-ENG,Y,,,B.1.201,UK3230,del_trans_731034,UK3230_1
England/NORW-E72FA/2020,Y,Y,NORW-E72FA,,2020-04-22,17,UK,UK-ENG,Y,,,B,UK255,,
England/NORW-E86A2/2020,Y,Y,NORW-E86A2,,2020-04-16,16,UK,UK-ENG,Y,,,B.1.1,UK1893,,
England/NORW-E71A2/2020,Y,Y,NORW-E71A2,,2020-04-19,17,UK,UK-ENG,Y,,,B.1.1,UK3804,,
England/NORW-E850F/2020,Y,Y,NORW-E850F,,2020-04-17,16,UK,UK-ENG,Y,,,B.1.1,UK2330,,
England/NORW-E72BE/2020,Y,Y,NORW-E72BE,,2020-04-20,17,UK,UK-ENG,Y,,,B.1.1,UK2330,,
England/NORW-E6E8E/2020,Y,Y,NORW-E6E8E,,2020-04-18,16,UK,UK-ENG,Y,,,B.1.1,UK1427,,
England/NORW-E952C/2020,Y,Y,NORW-E952C,,2020-04-22,17,UK,UK-ENG,Y,,,B.1.1,UK1893,,
England/NORW-E97CC/2020,Y,Y,NORW-E97CC,,2020-04-23,17,UK,UK-ENG,Y,,,B.1.1,UK1665,,
England/NORW-E6E9D/2020,Y,Y,NORW-E6E9D,,2020-04-19,17,UK,UK-ENG,Y,,,B.1.1,UK1893,,
England/NORW-E960B/2020,Y,Y,NORW-E960B,,2020-04-22,17,UK,UK-ENG,Y,,,B.1.1,UK1427,,
England/NORW-E994E/2020,Y,Y,NORW-E994E,,2020-04-23,17,UK,UK-ENG,Y,,,B.1,UK10578,,
England/NORW-E86C0/2020,Y,Y,NORW-E86C0,,2020-04-18,16,UK,UK-ENG,Y,,,B.1.1.164,UK1893,,
England/NORW-E8420/2020,Y,Y,NORW-E8420,,2020-04-18,16,UK,UK-ENG,Y,,,B.1.1,UK2510,,
England/NORW-E97BD/2020,Y,Y,NORW-E97BD,,2020-04-23,17,UK,UK-ENG,Y,,,B.1.1,UK1336,,
England/NORW-E6F03/2020,Y,Y,NORW-E6F03,,2020-04-21,17,UK,UK-ENG,Y,,,B.1,UK2913,,
England/NORW-E87FA/2020,Y,Y,NORW-E87FA,,2020-04-11,15,UK,UK-ENG,Y,,,B.1.1,UK2330,,
England/NORW-E8842/2020,Y,Y,NORW-E8842,,2020-04-12,16,UK,UK-ENG,Y,,,B.1.1,UK1427,,
England/NORW-E8B94/2020,Y,Y,NORW-E8B94,,2020-04-12,16,UK,UK-ENG,Y,,,B,UK255,del_trans_142,UK255_1.4
England/NORW-E82DB/2020,Y,Y,NORW-E82DB,,2020-04-10,15,UK,UK-ENG,Y,,,B.1.1,UK1893,,
England/NORW-E888E/2020,Y,Y,NORW-E888E,,2020-04-12,16,UK,UK-ENG,Y,,,B.1.1,UK2330,,
England/NORW-E8C82/2020,Y,Y,NORW-E8C82,,2020-04-15,16,UK,UK-ENG,Y,,,B.1.1,UK5631,del_trans_538161,
England/NORW-E8B58/2020,Y,Y,NORW-E8B58,,2020-04-13,16,UK,UK-ENG,Y,,,B.1.1,UK9544,,
England/NORW-E8CBF/2020,Y,Y,NORW-E8CBF,,2020-04-13,16,UK,UK-ENG,Y,,,B,UK173,,
England/NORW-E8208/2020,Y,Y,NORW-E8208,,2020-04-08,15,UK,UK-ENG,Y,,,B.40,UK282,del_trans_282,UK282_1.12
England/NORW-E81CF/2020,Y,Y,NORW-E81CF,,2020-04-09,15,UK,UK-ENG,Y,,,B.1,UK2631,del_trans_730870,
England/NORW-E80D1/2020,Y,Y,NORW-E80D1,,2020-04-08,15,UK,UK-ENG,Y,,,B.1.1,UK1893,,
England/NORW-E8262/2020,Y,Y,NORW-E8262,,2020-04-08,15,UK,UK-ENG,Y,,,B.40,UK11962,del_trans_369,
England/NORW-E8A3D/2020,Y,Y,NORW-E8A3D,,2020-04-11,15,UK,UK-ENG,Y,,,B.1.1,UK1427,,
England/NORW-E8138/2020,Y,Y,NORW-E8138,,2020-04-08,15,UK,UK-ENG,Y,,,B.1.1,UK2330,,
England/NORW-E80C2/2020,Y,Y,NORW-E80C2,,2020-04-08,15,UK,UK-ENG,Y,,,B.1.250,UK2913,del_trans_731770,UK2913_1.4.1.1.1
England/NORW-E8B3A/2020,Y,Y,NORW-E8B3A,,2020-04-15,16,UK,UK-ENG,Y,,,B.1.1,UK2330,,
England/NORW-E8AC4/2020,Y,Y,NORW-E8AC4,,2020-04-14,16,UK,UK-ENG,Y,,,B.52,UK105,,
England/NORW-E88CA/2020,Y,Y,NORW-E88CA,,2020-04-12,16,UK,UK-ENG,Y,,,B.1.1,UK1427,,
England/NORW-E8772/2020,Y,Y,NORW-E8772,,2020-04-13,16,UK,UK-ENG,Y,,,B.1.1.10,UK3363,,
England/NORW-E89E5/2020,Y,Y,NORW-E89E5,,2020-04-11,15,UK,UK-ENG,Y,,,B.1.1,UK1427,,
England/NORW-E81A1/2020,Y,Y,NORW-E81A1,,2020-04-08,15,UK,UK-ENG,Y,,,B.1.222,UK2587,del_trans_730889,UK2587_1
England/NORW-E6E24/2020,Y,Y,NORW-E6E24,,2020-04-09,15,UK,UK-ENG,Y,,,B.1,UK2913,,
England/NORW-E6FB8/2020,Y,Y,NORW-E6FB8,,2020-04-08,15,UK,UK-ENG,Y,,,B.1.1,UK1427,,
England/NORW-E88F7/2020,Y,Y,NORW-E88F7,,2020-04-11,15,UK,UK-ENG,Y,,,B.1.1,UK9496,,
England/NORW-E8059/2020,Y,Y,NORW-E8059,,2020-04-08,15,UK,UK-ENG,Y,,,B.1.1,UK3804,,
England/NORW-E8930/2020,Y,Y,NORW-E8930,,2020-04-11,15,UK,UK-ENG,Y,,,B.1.1,UK5335,del_trans_537234,
England/NORW-E8851/2020,Y,Y,NORW-E8851,,2020-04-13,16,UK,UK-ENG,Y,,,B.1,UK3110,del_trans_730727,
England/NORW-E811A/2020,Y,Y,NORW-E811A,,2020-04-09,15,UK,UK-ENG,Y,,,B.1.1,UK1893,del_trans_516,UK1893_1
England/NORW-E82BD/2020,Y,Y,NORW-E82BD,,2020-04-13,16,UK,UK-ENG,Y,,,B.1.201,UK3230,,
England/NORW-E829F/2020,Y,Y,NORW-E829F,,2020-04-08,15,UK,UK-ENG,Y,,,B.1,UK2913,,
England/NORW-E82AE/2020,Y,Y,NORW-E82AE,,2020-04-08,15,UK,UK-ENG,Y,,,B.1.201,UK3230,,
England/NORW-E8A00/2020,Y,Y,NORW-E8A00,,2020-04-11,15,UK,UK-ENG,Y,,,B.1.1,UK549,del_trans_1257,
England/NORW-E8C0A/2020,Y,Y,NORW-E8C0A,,2020-04-14,16,UK,UK-ENG,Y,,,B.1.201,UK3230,,
England/NORW-E8271/2020,Y,Y,NORW-E8271,,2020-04-08,15,UK,UK-ENG,Y,,,B,UK11929,,
England/NORW-E8790/2020,Y,Y,NORW-E8790,,2020-04-11,15,UK,UK-ENG,Y,,,B.1.1,UK1893,,
England/NORW-E88AC/2020,Y,Y,NORW-E88AC,,2020-04-11,15,UK,UK-ENG,Y,,,B.1.201,UK3230,,
England/NORW-E8A4C/2020,Y,Y,NORW-E8A4C,,2020-04-11,15,UK,UK-ENG,Y,,,B.1.1,UK2330,,
England/NORW-E896D/2020,Y,Y,NORW-E896D,,2020-04-11,15,UK,UK-ENG,Y,,,B.1,UK2190,,
England/NORW-E82EA/2020,Y,Y,NORW-E82EA,,2020-04-08,15,UK,UK-ENG,Y,,,B.1.201,UK3230,,
England/NORW-E8156/2020,Y,Y,NORW-E8156,,2020-04-08,15,UK,UK-ENG,Y,,,B.1,UK2715,,
England/NORW-E8C73/2020,Y,Y,NORW-E8C73,,2020-04-12,16,UK,UK-ENG,Y,,,B.1.1,UK2330,,
England/NORW-E89D6/2020,Y,Y,NORW-E89D6,,2020-04-11,15,UK,UK-ENG,Y,,,B.1.201,UK3230,del_trans_731034,UK3230_1
England/NORW-E82CC/2020,Y,Y,NORW-E82CC,,2020-04-08,15,UK,UK-ENG,Y,,,B.1.1,UK1471,,
England/NORW-E8BFE/2020,Y,Y,NORW-E8BFE,,2020-04-14,16,UK,UK-ENG,Y,,,B.1,UK199,,
England/NORW-E895E/2020,Y,Y,NORW-E895E,,2020-04-12,16,UK,UK-ENG,Y,,,B.1.1,UK1427,,
England/NORW-E8AE2/2020,Y,Y,NORW-E8AE2,,2020-04-15,16,UK,UK-ENG,N,,,B.1.1,,,
England/NORW-E839C/2020,Y,Y,NORW-E839C,,2020-04-08,15,UK,UK-ENG,Y,,,B.1.1,UK1427,,
England/NORW-E8CFB/2020,Y,Y,NORW-E8CFB,,2020-04-14,16,UK,UK-ENG,Y,,,B.1.1,UK5637,del_trans_538183,UK5637_1
England/NORW-E87EB/2020,Y,Y,NORW-E87EB,,2020-04-12,16,UK,UK-ENG,Y,,,B.1.1,UK1427,,
England/NORW-E8C64/2020,Y,Y,NORW-E8C64,,2020-04-13,16,UK,UK-ENG,Y,,,B.1.225,UK4371,del_trans_730860,UK4371_1
England/NORW-E8244/2020,Y,Y,NORW-E8244,,2020-04-08,15,UK,UK-ENG,Y,,,B.39,UK293,del_trans_153,UK293_1.8
England/NORW-E8BD0/2020,Y,Y,NORW-E8BD0,,2020-04-14,16,UK,UK-ENG,Y,,,B.1.225,UK4371,,
England/NORW-E8D07/2020,Y,Y,NORW-E8D07,,2020-04-15,16,UK,UK-ENG,Y,,,B.1.1,UK2330,,
England/NORW-E87DC/2020,Y,Y,NORW-E87DC,,2020-04-11,15,UK,UK-ENG,Y,,,B.1.201,UK3230,del_trans_731034,UK3230_1
England/NORW-E8C37/2020,Y,Y,NORW-E8C37,,2020-04-13,16,UK,UK-ENG,Y,,,B.1,UK2913,,
England/NORW-E6FC7/2020,Y,Y,NORW-E6FC7,,2020-04-08,15,UK,UK-ENG,Y,,,B,UK255,,
England/NORW-E8CDD/2020,Y,Y,NORW-E8CDD,,2020-04-13,16,UK,UK-ENG,Y,,,B.29,UK209,del_trans_248,UK209_1.2
England/NORW-E83C9/2020,Y,Y,NORW-E83C9,,2020-04-08,15,UK,UK-ENG,Y,,,B.3,UK12008,,
England/NORW-E7306/2020,Y,Y,NORW-E7306,,2020-04-09,15,UK,UK-ENG,Y,,,B.1.1,UK1465,,
England/NORW-E8A6A/2020,Y,Y,NORW-E8A6A,,2020-04-13,16,UK,UK-ENG,Y,,,B.1.1,UK9544,,
England/NORW-E8165/2020,Y,Y,NORW-E8165,,2020-04-09,15,UK,UK-ENG,Y,,,B.1.1,UK2330,,
England/NORW-E81FC/2020,Y,Y,NORW-E81FC,,2020-04-08,15,UK,UK-ENG,Y,,,B.1.1,UK1893,,
England/NORW-E8B1C/2020,Y,Y,NORW-E8B1C,,2020-04-13,16,UK,UK-ENG,Y,,,B.1.1,UK1794,,
England/NORW-E88BB/2020,Y,Y,NORW-E88BB,,2020-04-15,16,UK,UK-ENG,Y,,,B.1.1,UK1893,,
England/NORW-E8147/2020,Y,Y,NORW-E8147,,2020-04-08,15,UK,UK-ENG,Y,,,B,UK255,,
England/NORW-E6F21/2020,Y,Y,NORW-E6F21,,2020-04-08,15,UK,UK-ENG,Y,,,B.1.201,UK3230,,
England/NORW-E8806/2020,Y,Y,NORW-E8806,,2020-04-11,15,UK,UK-ENG,Y,,,B.1,UK10884,,
England/NORW-E8183/2020,Y,Y,NORW-E8183,,2020-04-08,15,UK,UK-ENG,Y,,,B.1.1,UK1893,,
England/NORW-E810B/2020,Y,Y,NORW-E810B,,2020-04-08,15,UK,UK-ENG,Y,,,B.1.1,UK2040,del_trans_538123,
England/NORW-E8A88/2020,Y,Y,NORW-E8A88,,2020-04-14,16,UK,UK-ENG,Y,,,B.1.1,UK1427,,
England/NORW-E8CEC/2020,Y,Y,NORW-E8CEC,,2020-04-14,16,UK,UK-ENG,Y,,,B.1.1.10,UK3363,,
England/NORW-E889D/2020,Y,Y,NORW-E889D,,2020-04-11,15,UK,UK-ENG,Y,,,B.1.1,UK1786,,
England/NORW-E8781/2020,Y,Y,NORW-E8781,,2020-04-12,16,UK,UK-ENG,Y,,,B.1.1,UK8566,del_trans_2069,UK8566_1
England/NORW-E81B0/2020,Y,Y,NORW-E81B0,,2020-04-08,15,UK,UK-ENG,Y,,,B.1,UK2913,,
England/NORW-E894F/2020,Y,Y,NORW-E894F,,2020-04-11,15,UK,UK-ENG,Y,,,B.1.1,UK1427,,
England/NORW-E80E0/2020,Y,Y,NORW-E80E0,,2020-04-08,15,UK,UK-ENG,Y,,,B.1.225,UK4371,,
England/NORW-E8129/2020,Y,Y,NORW-E8129,,2020-04-08,15,UK,UK-ENG,Y,,,B.1,UK2913,,
England/NORW-E8077/2020,Y,Y,NORW-E8077,,2020-04-14,16,UK,UK-ENG,Y,,,B.1.1,UK1766,,
England/NORW-E8D70/2020,Y,Y,NORW-E8D70,,2020-04-14,16,UK,UK-ENG,Y,,,B.1.225,UK4371,,
England/NORW-E8217/2020,Y,Y,NORW-E8217,,2020-04-08,15,UK,UK-ENG,Y,,,B.1.225,UK4371,,
England/NORW-E87CD/2020,Y,Y,NORW-E87CD,,2020-04-12,16,UK,UK-ENG,Y,,,B.1.1,UK1427,,
England/NORW-E8AF1/2020,Y,Y,NORW-E8AF1,,2020-04-13,16,UK,UK-ENG,Y,,,B.3,UK462,,
England/NORW-E8921/2020,Y,Y,NORW-E8921,,2020-04-11,15,UK,UK-ENG,Y,,,B.1.1,UK12358,del_trans_1885,
England/NORW-E8BEF/2020,Y,Y,NORW-E8BEF,,2020-04-14,16,UK,UK-ENG,Y,,,B.1.1,UK1893,,
England/NORW-E8BA3/2020,Y,Y,NORW-E8BA3,,2020-04-12,16,UK,UK-ENG,Y,,,B.1,UK2913,,
England/NORW-E83D8/2020,Y,Y,NORW-E83D8,,2020-04-08,15,UK,UK-ENG,Y,,,B.1,UK2287,,
